{
  "timestamp": "2025-07-06T11:24:12.942759",
  "usd_brl_rate": 5.4136,
  "portfolio_config": {
    "USDT": {
      "allocation": 0.2,
      "brl_value": 21654.4,
      "usd_value": 4000,
      "justification": "Reserva estável e líquida"
    },
    "BTC": {
      "allocation": 0.2,
      "brl_value": 21654.4,
      "usd_value": 4000,
      "justification": "Ativo principal do setor"
    },
    "ETH": {
      "allocation": 0.15,
      "brl_value": 16240.8,
      "usd_value": 3000,
      "justification": "Segunda maior criptomoeda"
    },
    "BNB": {
      "allocation": 0.1,
      "brl_value": 10827.2,
      "usd_value": 2000,
      "justification": "Alta liquidez, uso em Binance"
    },
    "SOL": {
      "allocation": 0.1,
      "brl_value": 10827.2,
      "usd_value": 2000,
      "justification": "Protocolo em crescimento"
    },
    "XRP": {
      "allocation": 0.075,
      "brl_value": 8120.4,
      "usd_value": 1500,
      "justification": "Boa liquidez e utilidade"
    },
    "ADA": {
      "allocation": 0.075,
      "brl_value": 8120.4,
      "usd_value": 1500,
      "justification": "Protocolo consolidado"
    },
    "DOT": {
      "allocation": 0.05,
      "brl_value": 5413.6,
      "usd_value": 1000,
      "justification": "Expansão de ecossistema"
    },
    "USDC": {
      "allocation": 0.05,
      "brl_value": 5413.6,
      "usd_value": 1000,
      "justification": "Diversificação em stablecoins"
    }
  },
  "portfolio_data": {
    "current_prices": {
      "BTC": 108838.01,
      "ETH": 2555.0,
      "BNB": 661.32,
      "SOL": 151.22,
      "XRP": 2.2695,
      "ADA": 0.5829,
      "DOT": 3.392,
      "USDT": 1.0,
      "USDC": 1.0
    },
    "current_portfolio_value": 2407183.1743921596,
    "returns_data": {
      "BTC": [
        0.0,
        0.0017228450581063814,
        0.042834093101556725,
        0.00010311707406529536,
        -0.014774690660270262,
        -0.027367911232460296,
        0.003736666372359032,
        -0.0061466103511010894,
        0.0017015663099546607,
        0.011369205507016922,
        -0.02100631933114927,
        0.0032100071190022117,
        -0.002175583996381625,
        -0.013000366238452021,
        -0.011403706887229914,
        -0.01132138549535977,
        0.043283404251441615,
        0.007111383767794521,
        0.01185467982617383,
        -0.0036660878858676416,
        0.0009399977895605538,
        0.002327936574751499,
        0.009880444699230884,
        -0.011170766835125301,
        -0.013676228341569674,
        0.02998131927797143,
        0.006754090047184302,
        -0.014605495398174795,
        0.001980659399927198,
        0.005914058395839028
      ],
      "ETH": [
        0.0,
        -0.005862245160677126,
        0.06785320121283123,
        0.05084454858532972,
        -0.015903280783979512,
        -0.04652891279797666,
        -0.024013774052560888,
        -0.018777213000980897,
        0.006658078996032879,
        -0.0013502851692370754,
        -0.013450359056195293,
        0.005996135381183043,
        -0.0015366336633664268,
        -0.0454678872881894,
        -0.04602553927088826,
        -0.02963327569008556,
        0.08257844413520665,
        0.015255052536427227,
        -0.012236312769303037,
        -0.0010461072818161998,
        0.0029843209324658115,
        0.005137897877573572,
        0.026469646332350827,
        -0.005847789479578869,
        -0.03237214691788659,
        0.06877310281454108,
        0.00810765597706209,
        -0.03211191509889055,
        0.0033372673482081616,
        0.01533533883588123
      ],
      "BNB": [
        0.0,
        0.0018130973233765335,
        0.020828220858895685,
        0.011914420505423795,
        -0.009027334412258226,
        -0.018998247007176672,
        0.0009163802978235935,
        -0.014862287327382373,
        0.003996220628552871,
        0.00393403168823947,
        -0.004087654055383028,
        -0.005107394148870625,
        -0.00018611287746017613,
        -0.0047157372217482285,
        -0.019700441077913355,
        -0.0209230964910887,
        0.040077296568747034,
        0.004746366063482554,
        0.003946979938775241,
        -0.005835281006702164,
        0.005309045617312824,
        0.004475693422743898,
        0.00971322849213685,
        0.0030539013589860886,
        -0.016090729182523855,
        0.020701499234137444,
        0.005881372118051953,
        -0.015054476408625783,
        0.003916768665850556,
        0.007863935625457286
      ],
      "SOL": [
        0.0,
        0.015926962548313828,
        0.05713348638898008,
        0.024571854058079046,
        -0.025133236434108586,
        -0.053736721128160525,
        -0.02442226890756305,
        -0.026648721399730846,
        0.0575912610619469,
        -0.014708766424789133,
        -0.020899681528662506,
        -0.00833502744460246,
        0.00478338116714494,
        -0.047130032644178366,
        -0.03340232674327315,
        -0.027468064682862003,
        0.09718320552729476,
        0.00975711023458592,
        -0.016104714912280715,
        -0.03141324789301381,
        0.02178915576010354,
        0.06073615314237446,
        0.0172505307855626,
        0.009718236368379873,
        -0.05122408113170984,
        0.036696623093682046,
        0.0005910553621855108,
        -0.030585455500131475,
        -0.0010155721056193112,
        0.02487292443239575
      ],
      "XRP": [
        0.0,
        0.04138913133354771,
        0.023864137626819604,
        -0.005902373874456135,
        -0.016035364479500713,
        -0.0354563072586328,
        -0.01949860724233976,
        -0.0036326378539492943,
        0.012199682153875013,
        0.03347956592011081,
        -0.03529937444146569,
        0.005326540064845009,
        -0.002626123013130588,
        -0.020971914264597102,
        -0.02651693875625183,
        -0.022295463357890788,
        0.06999801705334119,
        0.014547813194959236,
        -0.0017809845648003586,
        -0.03682693627338862,
        0.01733637313574632,
        0.020309071385218758,
        0.009471950215063751,
        0.013643987126603419,
        -0.028709417762275313,
        0.028360957642725504,
        0.010431590257879542,
        -0.016128317603792852,
        -0.0012159423553252946,
        0.02335647939399399
      ],
      "ADA": [
        0.0,
        0.008728367193378439,
        0.05161867820378929,
        0.016739963115335543,
        -0.026091809683270628,
        -0.05257879656160447,
        -0.029184938756993795,
        -0.02694704049844232,
        0.013926684808708067,
        -0.004894221660877829,
        -0.0337934316991908,
        -0.008374384236453203,
        -0.003146216260970336,
        -0.040863787375415184,
        -0.03688950467613439,
        -0.02553497572379071,
        0.07455250046133965,
        0.00893010475699807,
        -0.03472340425531906,
        -0.022570975136660287,
        0.007937939743821065,
        0.011992124574906171,
        0.02104704633887522,
        -0.008834228304174574,
        -0.05277874868926946,
        0.07749077490774892,
        0.026027397260274032,
        -0.0447263017356474,
        0.00541579315164209,
        0.012858384013900936
      ],